Workbook

Sheet ledger
A1: transaction_id | B1: user_id | C1: merchant_id | D1: transaction_time | E1: amount_inr | F1: payment_method | G1: status | H1: risk_score | I1: User_Signup_Date | J1: Merchant_Category | K1: Merchant_Region | L1: MDR FEE RATE | M1: High-Value Merchant Day
A2: TXN100000 | B2: 350 | C2: 16 | D2: 46051.467 | E2: 2999 | F2: Wallet | G2: captured | H2: 85 | I2: =VLOOKUP(B2,users!$A$1:$B$366,2,0) -> 45953 | J2: =IFERROR(VLOOKUP(C2, merchants!$A$1:$D$41, 3, FALSE), "Data Missing") -> bill_payment | K2: =IFERROR(VLOOKUP(C2, merchants!$A$1:$D$41, 4, FALSE), "Data Missing") -> West | L2: =HLOOKUP(F2,payment_method!$A$1:$E$2,2,0) -> 0.012 | M2: =IF(AND(E2>5000, L2<>"East"), "High-Value Merchant Day", "Normal Day") -> Normal Day
A3: TXN100001 | B3: 287 | C3: 27 | D3: 46026.492 | E3: 49 | F3: UPI | G3: captured | H3: 79 | I3: =VLOOKUP(B3,users!$A$1:$B$366,2,0) -> 45615 | J3: =IFERROR(VLOOKUP(C3, merchants!$A$1:$D$41, 3, FALSE), "Data Missing") -> ecommerce | K3: =IFERROR(VLOOKUP(C3, merchants!$A$1:$D$41, 4, FALSE), "Data Missing") -> North | L3: =HLOOKUP(F3,payment_method!$A$1:$E$2,2,0) -> 0 | M3: =IF(AND(E3>5000, L3<>"East"), "High-Value Merchant Day", "Normal Day") -> Normal Day
A4: TXN100002 | B4: 122 | C4: 11 | D4: 46046.208 | E4: 1499 | F4: Wallet | G4: captured | H4: 22 | I4: =VLOOKUP(B4,users!$A$1:$B$366,2,0) -> 45306 | J4: =IFERROR(VLOOKUP(C4, merchants!$A$1:$D$41, 3, FALSE), "Data Missing") -> ecommerce | K4: =IFERROR(VLOOKUP(C4, merchants!$A$1:$D$41, 4, FALSE), "Data Missing") -> North | L4: =HLOOKUP(F4,payment_method!$A$1:$E$2,2,0) -> 0.012 | M4: =IF(AND(E4>5000, L4<>"East"), "High-Value Merchant Day", "Normal Day") -> Normal Day
A5: TXN100003 | B5: 92 | C5: 22 | D5: 46051.542 | E5: 49 | F5: Netbanking | G5: captured | H5: 100 | I5: =VLOOKUP(B5,users!$A$1:$B$366,2,0) -> 45662 | J5: =IFERROR(VLOOKUP(C5, merchants!$A$1:$D$41, 3, FALSE), "Data Missing") -> travel | K5: =IFERROR(VLOOKUP(C5, merchants!$A$1:$D$41, 4, FALSE), "Data Missing") -> South | L5: =HLOOKUP(F5,payment_method!$A$1:$E$2,2,0) -> 0.015 | M5: =IF(AND(E5>5000, L5<>"East"), "High-Value Merchant Day", "Normal Day") -> Normal Day
A6: TXN100004 | B6: 343 | C6: 16 | D6: 46052.577 | E6: 99 | F6: UPI | G6: captured | H6: 34 | I6: =VLOOKUP(B6,users!$A$1:$B$366,2,0) -> 45428 | J6: =IFERROR(VLOOKUP(C6, merchants!$A$1:$D$41, 3, FALSE), "Data Missing") -> bill_payment | K6: =IFERROR(VLOOKUP(C6, merchants!$A$1:$D$41, 4, FALSE), "Data Missing") -> West | L6: =HLOOKUP(F6,payment_method!$A$1:$E$2,2,0) -> 0 | M6: =IF(AND(E6>5000, L6<>"East"), "High-Value Merchant Day", "Normal Day") -> Normal Day
A7: TXN100005 | B7: 196 | C7: 3 | D7: 46028.921 | E7: 99 | F7: UPI | G7: captured | H7: 60 | I7: =VLOOKUP(B7,users!$A$1:$B$366,2,0) -> 45326 | J7: =IFERROR(VLOOKUP(C7, merchants!$A$1:$D$41, 3, FALSE), "Data Missing") -> grocery | K7: =IFERROR(VLOOKUP(C7, merchants!$A$1:$D$41, 4, FALSE), "Data Missing") -> East | L7: =HLOOKUP(F7,payment_method!$A$1:$E$2,2,0) -> 0 | M7: =IF(AND(E7>5000, L7<>"East"), "High-Value Merchant Day", "Normal Day") -> Normal Day
A8: TXN100006 | B8: 236 | C8: 23 | D8: 46030.286 | E8: 99 | F8: Wallet | G8: captured | H8: 39 | I8: =VLOOKUP(B8,users!$A$1:$B$366,2,0) -> 45473 | J8: =IFERROR(VLOOKUP(C8, merchants!$A$1:$D$41, 3, FALSE), "Data Missing") -> travel | K8: =IFERROR(VLOOKUP(C8, merchants!$A$1:$D$41, 4, FALSE), "Data Missing") -> North | L8: =HLOOKUP(F8,payment_method!$A$1:$E$2,2,0) -> 0.012 | M8: =IF(AND(E8>5000, L8<>"East"), "High-Value Merchant Day", "Normal Day") -> Normal Day
A9: TXN100007 | B9: 13 | C9: 13 | D9: 46049.301 | E9: 99 | F9: UPI | G9: captured | H9: 51 | I9: =VLOOKUP(B9,users!$A$1:$B$366,2,0) -> 45961 | J9: =IFERROR(VLOOKUP(C9, merchants!$A$1:$D$41, 3, FALSE), "Data Missing") -> travel | K9: =IFERROR(VLOOKUP(C9, merchants!$A$1:$D$41, 4, FALSE), "Data Missing") -> East | L9: =HLOOKUP(F9,payment_method!$A$1:$E$2,2,0) -> 0 | M9: =IF(AND(E9>5000, L9<>"East"), "High-Value Merchant Day", "Normal Day") -> Normal Day
A10: TXN100008 | B10: 36 | C10: 18 | D10: 46033.372 | E10: 799 | F10: UPI | G10: captured | H10: 44 | I10: =VLOOKUP(B10,users!$A$1:$B$366,2,0) -> 45396 | J10: =IFERROR(VLOOKUP(C10, merchants!$A$1:$D$41, 3, FALSE), "Data Missing") -> grocery | K10: =IFERROR(VLOOKUP(C10, merchants!$A$1:$D$41, 4, FALSE), "Data Missing") -> West | L10: =HLOOKUP(F10,payment_method!$A$1:$E$2,2,0) -> 0 | M10: =IF(AND(E10>5000, L10<>"East"), "High-Value Merchant Day", "Normal Day") -> Normal Day
A11: TXN100009 | B11: 348 | C11: 35 | D11: 46043.684 | E11: 299 | F11: UPI | G11: captured | H11: 42 | I11: =VLOOKUP(B11,users!$A$1:$B$366,2,0) -> 45678 | J11: =IFERROR(VLOOKUP(C11, merchants!$A$1:$D$41, 3, FALSE), "Data Missing") -> recharge | K11: =IFERROR(VLOOKUP(C11, merchants!$A$1:$D$41, 4, FALSE), "Data Missing") -> East | L11: =HLOOKUP(F11,payment_method!$A$1:$E$2,2,0) -> 0 | M11: =IF(AND(E11>5000, L11<>"East"), "High-Value Merchant Day", "Normal Day") -> Normal Day
A12: TXN100010 | B12: 134 | C12: 12 | D12: 46023.164 | E12: 49 | F12: UPI | G12: captured | H12: 74 | I12: =VLOOKUP(B12,users!$A$1:$B$366,2,0) -> 45391 | J12: =IFERROR(VLOOKUP(C12, merchants!$A$1:$D$41, 3, FALSE), "Data Missing") -> ecommerce | K12: =IFERROR(VLOOKUP(C12, merchants!$A$1:$D$41, 4, FALSE), "Data Missing") -> East | L12: =HLOOKUP(F12,payment_method!$A$1:$E$2,2,0) -> 0 | M12: =IF(AND(E12>5000, L12<>"East"), "High-Value Merchant Day", "Normal Day") -> Normal Day
A13: TXN100011 | B13: 306 | C13: 28 | D13: 46031.046 | E13: 2999 | F13: Card | G13: failed | H13: 44 | I13: =VLOOKUP(B13,users!$A$1:$B$366,2,0) -> 45427 | J13: =IFERROR(VLOOKUP(C13, merchants!$A$1:$D$41, 3, FALSE), "Data Missing") -> ecommerce | K13: =IFERROR(VLOOKUP(C13, merchants!$A$1:$D$41, 4, FALSE), "Data Missing") -> South | L13: =HLOOKUP(F13,payment_method!$A$1:$E$2,2,0) -> 0.02 | M13: =IF(AND(E13>5000, L13<>"East"), "High-Value Merchant Day", "Normal Day") -> Normal Day
... A548: TXN300031 | B548: 345 | C548: 12 | D548: 46045.377 | E548: 399 | F548: Card | G548: captured | H548: 69 | I548: =VLOOKUP(B548,users!$A$1:$B$366,2,0) -> 45553 | J548: =IFERROR(VLOOKUP(C548, merchants!$A$1:$D$41, 3, FALSE), "Data Missing") -> ecommerce | K548: =IFERROR(VLOOKUP(C548, merchants!$A$1:$D$41, 4, FALSE), "Data Missing") -> East | L548: =HLOOKUP(F548,payment_method!$A$1:$E$2,2,0) -> 0.02 | M548: =IF(AND(E548>5000, L548<>"East"), "High-Value Merchant Day", "Normal Day") -> Normal Day

Sheet users
A1: user_id | B1: signup_date
A2: 1 | B2: 45447
A3: 2 | B3: 45743
A4: 3 | B4: 45826
A5: 4 | B5: 45520
A6: 5 | B6: 45605
A7: 6 | B7: 45717
A8: 7 | B8: 45338
A9: 8 | B9: 45423
A10: 9 | B10: 45769
A11: 10 | B11: 45661
A12: 11 | B12: 45936
A13: 12 | B13: 45759
... A366: 365 | B366: 46018.875

Sheet merchants
A1: merchant_id | B1: merchant_name | C1: category | D1: region
A2: 1 | B2: Merchant_001 | C2: ecommerce | D2: South
A3: 2 | B3: Merchant_002 | C3: grocery | D3: West
A4: 3 | B4: Merchant_003 | C4: grocery | D4: East
A5: 4 | B5: Merchant_004 | C5: ecommerce | D5: East
A6: 5 | B6: Merchant_005 | C6: recharge | D6: South
A7: 6 | B7: Merchant_006 | C7: food_delivery | D7: South
A8: 7 | B8: Merchant_007 | C8: food_delivery | D8: East
A9: 8 | B9: Merchant_008 | C9: food_delivery | D9: North
A10: 9 | B10: Merchant_009 | C10: ecommerce | D10: North
A11: 10 | B11: Merchant_010 | C11: grocery | D11: West
A12: 11 | B12: Merchant_011 | C12: ecommerce | D12: North
A13: 12 | B13: Merchant_012 | C13: ecommerce | D13: East
... A41: 40 | B41: Merchant_040 | C41: entertainment | D41: South

Sheet payment_method
A1: Payment Method | B1: UPI | C1: Wallet | D1: Card | E1: Netbanking
A2: MDR Fees | B2: 0 | C2: 0.012 | D2: 0.02 | E2: 0.015

Sheet Sheet2
A3: Row Labels | B3: Count of transaction_id | C3: Distinct Count of user_id | G3: Merchant ID | H3: Total Transactions | I3: Unique Users
A4: 3 | B4: 17 | C4: 17 | G4: 3 | H4: 17 | I4: 17
A5: 9 | B5: 18 | C5: 18 | G5: 9 | H5: 18 | I5: 18
A6: 16 | B6: 20 | C6: 19 | G6: 16 | H6: 20 | I6: 19
A7: 29 | B7: 19 | C7: 18 | G7: 29 | H7: 19 | I7: 18
A8: 37 | B8: 19 | C8: 19 | G8: 37 | H8: 19 | I8: 19
A9: Grand Total | B9: 93 | C9: 82 | G9: Grand Total | H9: 93 | I9: 82

Sheet Sheet4
A3: Row Labels | B3: Sum of amount_inr | C3: Count of merchant_id | D3: Count of transaction_id
A4: captured | B4: 290382 | C4: 468 | D4: 468
A5: chargeback | B5: 54472 | C5: 28 | D5: 28
A6: failed | B6: 37749 | C6: 51 | D6: 51
A7: Grand Total | B7: 382603 | C7: 547 | D7: 547
